h,m,s,ms,ecef_x,ecef_y,ecef_z,v_ecef_x,v_ecef_y,v_ecef_z,a_p,a_y,a_r,q0,q1,q2,q3,w_p,w_y,w_r
0.0,6.0,14.0,17.0,7112.15576171875,-248.1460418701172,280.3898010253906,-59.48413848876953,-18.978342056274414,-148.68701171875,-0.009195037186145782,0.0015955889830365777,-0.007488521747291088,0.20918507874011993,0.8870728611946106,-0.37897196412086487,0.1603861302137375,0.05999999865889549,0.03999999910593033,0.10000000149011612
0.0,6.0,14.0,18.0,7111.14208984375,-248.44332885742188,277.8551330566406,-59.62775421142578,-17.487468719482422,-149.0980987548828,-0.009241169318556786,0.0016794330440461636,-0.007454597856849432,0.20853999257087708,0.8872467279434204,-0.378557026386261,0.16124220192432404,0.05999999865889549,0.03999999910593033,0.10000000149011612
0.0,6.0,14.0,20.0,7110.12841796875,-248.71435546875,275.3214111328125,-59.62775421142578,-15.942740440368652,-149.04244995117188,-0.009285991080105305,0.001763155683875084,-0.007420530542731285,0.20789296925067902,0.8874198794364929,-0.3781405985355377,0.16209930181503296,0.05999999865889549,0.03999999910593033,0.10000000149011612
0.0,6.0,14.0,22.0,7109.11376953125,-248.95953369140625,272.7850341796875,-59.68519592285156,-14.422246932983398,-149.19863891601562,-0.009329497814178467,0.0018467509653419256,-0.007386271376162767,0.20724710822105408,0.8875918984413147,-0.3777232766151428,0.1629551351070404,0.05999999865889549,0.03999999910593033,0.10000000149011612
0.0,6.0,14.0,23.0,7108.09716796875,-249.17913818359375,270.2424621582031,-59.800086975097656,-12.9179105758667,-149.56304931640625,-0.009371683932840824,0.0019302128348499537,-0.007351767737418413,0.20659872889518738,0.8877637982368469,-0.3773043751716614,0.16381028294563293,0.05999999865889549,0.03999999910593033,0.10000000149011612
0.0,6.0,14.0,25.0,7107.08056640625,-249.37252807617188,267.70159912109375,-59.800086975097656,-11.375875473022461,-149.4625244140625,-0.009412439540028572,0.002013535238802433,-0.007317124865949154,0.20595009624958038,0.887934684753418,-0.3768843412399292,0.16466578841209412,0.05999999865889549,0.03999999910593033,0.10000000149011612
0.0,6.0,14.0,27.0,7106.06201171875,-249.5402374267578,265.15509033203125,-59.91497802734375,-9.865255355834961,-149.79461669921875,-0.009451967664062977,0.0020967123564332724,-0.007282239850610495,0.2053026407957077,0.8881043791770935,-0.37646329402923584,0.16552001237869263,0.05999999865889549,0.03999999910593033,0.10000000149011612
0.0,6.0,14.0,28.0,7105.04296875,-249.68191528320312,262.60699462890625,-59.94369888305664,-8.333991050720215,-149.88796997070312,-0.009490253403782845,0.002179886680096388,-0.007247164845466614,0.20465146005153656,0.8882740139961243,-0.3760400116443634,0.1663760542869568,0.05999999865889549,0.03999999910593033,0.10000000149011612
0.0,6.0,14.0,30.0,7104.02294921875,-249.797607421875,260.0576171875,-60.00114440917969,-6.805419445037842,-149.96336364746094,-0.009527094662189484,0.0022627543658018112,-0.007211901247501373,0.20400258898735046,0.88844233751297,-0.3756164312362671,0.16722829639911652,0.05999999865889549,0.03999999910593033,0.10000000149011612
0.0,6.0,14.0,32.0,7103.00439453125,-249.8871307373047,257.5109558105469,-59.91497802734375,-5.266077041625977,-149.80360412597656,-0.009562586434185505,0.002345458837226033,-0.007176502607762814,0.20335185527801514,0.8886101245880127,-0.37519145011901855,0.16808158159255981,0.05999999865889549,0.03999999910593033,0.10000000149011612
0.0,6.0,14.0,34.0,7101.9853515625,-249.9507293701172,254.9635772705078,-59.94369888305664,-3.741095781326294,-149.8457794189453,-0.009596724063158035,0.0024279935751110315,-0.007140918169170618,0.20270228385925293,0.8887767195701599,-0.3747655153274536,0.16893358528614044,0.05999999865889549,0.03999999910593033,0.10000000149011612
0.0,6.0,14.0,35.0,7100.96484375,-249.9883575439453,252.41180419921875,-60.02986526489258,-2.2134218215942383,-150.10427856445312,-0.009629501961171627,0.002510353224352002,-0.007105093915015459,0.20205014944076538,0.888943076133728,-0.3743380010128021,0.16978485882282257,0.05999999865889549,0.03999999910593033,0.10000000149011612
0.0,6.0,14.0,37.0,7099.9453125,-249.9999542236328,249.86361694335938,-59.97241973876953,-0.682157576084137,-149.8933563232422,-0.00966083724051714,0.0025925314985215664,-0.007069138810038567,0.2013978213071823,0.8891085386276245,-0.3739092946052551,0.17063650488853455,0.05999999865889549,0.03999999910593033,0.10000000149011612
0.0,6.0,14.0,39.0,7098.9248046875,-249.9855499267578,247.31166076660156,-60.02986526489258,0.8473114967346191,-150.11505126953125,-0.009690886363387108,0.0026745223440229893,-0.007032946217805147,0.20074665546417236,0.8892727494239807,-0.3734796643257141,0.17148683965206146,0.05999999865889549,0.03999999910593033,0.10000000149011612
0.0,6.0,14.0,40.0,7097.9052734375,-249.94515991210938,244.76377868652344,-59.97241973876953,2.375883102416992,-149.87539672851562,-0.009719562716782093,0.002756320172920823,-0.006996624171733856,0.20009323954582214,0.8894365429878235,-0.3730485141277313,0.17233730852603912,0.05999999865889549,0.03999999910593033,0.10000000149011612
0.0,6.0,14.0,42.0,7096.88671875,-249.87881469726562,242.21644592285156,-59.91497802734375,3.9026594161987305,-149.8430938720703,-0.009746862575411797,0.002837918698787689,-0.00696012144908309,0.19944073259830475,0.8895994424819946,-0.37261641025543213,0.17318564653396606,0.05999999865889549,0.03999999910593033,0.10000000149011612
0.0,6.0,14.0,44.0,7095.8662109375,-249.7863311767578,239.66607666015625,-60.02986526489258,5.440206527709961,-150.02171325683594,-0.009772781282663345,0.00291931233368814,-0.006923381704837084,0.19878630340099335,0.8897616863250732,-0.37218284606933594,0.17403501272201538,0.05999999865889549,0.03999999910593033,0.10000000149011612
0.0,6.0,14.0,45.0,7094.84814453125,-249.6680145263672,237.12060546875,-59.886253356933594,6.959802150726318,-149.73358154296875,-0.009797316044569016,0.00300049502402544,-0.006886517163366079,0.19813132286071777,0.889923095703125,-0.3717479407787323,0.17488376796245575,0.05999999865889549,0.03999999910593033,0.10000000149011612
0.0,6.0,14.0,47.0,7093.8291015625,-249.52354431152344,234.57269287109375,-59.94369888305664,8.498247146606445,-149.877197265625,-0.009820462204515934,0.0030814611818641424,-0.006849418859928846,0.1974775493144989,0.890083372592926,-0.3713122606277466,0.17573128640651703,0.05999999865889549,0.03999999910593033,0.10000000149011612
0.0,6.0,14.0,49.0,7092.81201171875,-249.3533172607422,232.03016662597656,-59.82880783081055,10.013355255126953,-149.5603485107422,-0.009842217899858952,0.003162204520776868,-0.006812197621911764,0.19682124257087708,0.8902434706687927,-0.37087494134902954,0.1765780746936798,0.05999999865889549,0.03999999910593033,0.10000000149011612
0.0,6.0,14.0,51.0,7091.7958984375,-249.15721130371094,229.48951721191406,-59.771366119384766,11.535643577575684,-149.449951171875,-0.00986257940530777,0.003242719452828169,-0.006774798966944218,0.19616636633872986,0.89040207862854,-0.37043672800064087,0.1774243861436844,0.05999999865889549,0.03999999910593033,0.10000000149011612
0.0,6.0,14.0,52.0,7090.77880859375,-248.93487548828125,226.94723510742188,-59.82880783081055,13.07857608795166,-149.54598999023438,-0.009881543926894665,0.0033230003900825977,-0.006737168878316879,0.19550937414169312,0.8905603885650635,-0.3699970543384552,0.17827092111110687,0.05999999865889549,0.03999999910593033,0.10000000149011612
0.0,6.0,14.0,54.0,7089.7646484375,-248.68698120117188,224.41111755371094,-59.65647506713867,14.582015991210938,-149.18338012695312,-0.009899064898490906,0.003403041046112776,-0.00669941958039999,0.19485151767730713,0.8907181024551392,-0.3695560693740845,0.17911596596240997,0.05999999865889549,0.03999999910593033,0.10000000149011612
0.0,6.0,14.0,56.0,7088.74951171875,-248.41281127929688,221.8738555908203,-59.71392059326172,16.127641677856445,-149.2506866455078,-0.009915230795741081,0.0034828358329832554,-0.006661438848823309,0.19419515132904053,0.8908743858337402,-0.3691142797470093,0.17996060848236084,0.05999999865889549,0.03999999910593033,0.10000000149011612
0.0,6.0,14.0,57.0,7087.7373046875,-248.11322021484375,219.3433074951172,-59.54158401489258,17.623003005981445,-148.8557586669922,-0.009929993189871311,0.003562379162758589,-0.006623341701924801,0.19353654980659485,0.8910302519798279,-0.36867088079452515,0.18080534040927887,0.05999999865889549,0.03999999910593033,0.10000000149011612
0.0,6.0,14.0,59.0,7086.72314453125,-247.78683471679688,216.8083953857422,-59.65647506713867,19.199146270751953,-149.11245727539062,-0.009943380020558834,0.0036418072413653135,-0.0065849581733345985,0.1928776502609253,0.8911852240562439,-0.36822590231895447,0.18165047466754913,0.05999999865889549,0.03999999910593033,0.10000000149011612
0.0,6.0,14.0,61.0,7085.7138671875,-247.43563842773438,214.2845001220703,-59.3692512512207,20.65860366821289,-148.46441650390625,-0.009955322369933128,0.0037208297289907932,-0.006546517834067345,0.19221775233745575,0.8913397192955017,-0.36778002977371216,0.1824931800365448,0.05999999865889549,0.03999999910593033,0.10000000149011612
0.0,6.0,14.0,62.0,7084.70556640625,-247.05877685546875,211.76434326171875,-59.311805725097656,22.168325424194336,-148.2445068359375,-0.00996585562825203,0.0037995835300534964,-0.006507907994091511,0.1915593147277832,0.8914927840232849,-0.3673333525657654,0.18333546817302704,0.05999999865889549,0.03999999910593033,0.10000000149011612
0.0,6.0,14.0,64.0,7083.69775390625,-246.6555938720703,209.24435424804688,-59.283084869384766,23.716644287109375,-148.23463439941406,-0.009974976070225239,0.003878062590956688,-0.006469069980084896,0.19089868664741516,0.8916454315185547,-0.36688515543937683,0.18417789041996002,0.05999999865889549,0.03999999910593033,0.10000000149011612
0.0,6.0,14.0,66.0,7082.69287109375,-246.22735595703125,206.73239135742188,-59.110748291015625,25.19046401977539,-147.76251220703125,-0.009982666000723839,0.003956261556595564,-0.006430122535675764,0.19023725390434265,0.8917974829673767,-0.3664356470108032,0.18501883745193481,0.05999999865889549,0.03999999910593033,0.10000000149011612
0.0,6.0,14.0,68.0,7081.6884765625,-245.7728729248047,204.22119140625,-59.082027435302734,26.73429298400879,-147.71763610839844,-0.009988963603973389,0.00403417507186532,-0.006390949245542288,0.18957729637622833,0.8919481039047241,-0.36598533391952515,0.18585938215255737,0.05999999865889549,0.03999999910593033,0.10000000149011612
0.0,6.0,14.0,69.0,7080.6875,-245.29347229003906,201.71844482421875,-58.8809700012207,28.200035095214844,-147.22036743164062,-0.009993846528232098,0.004111796617507935,-0.006351667921990156,0.18891514837741852,0.8920983672142029,-0.3655335009098053,0.1867000311613083,0.05999999865889549,0.03999999910593033,0.10000000149011612
0.0,6.0,14.0,71.0,7079.6884765625,-244.78860473632812,199.22076416015625,-58.76607894897461,29.698089599609375,-146.92237854003906,-0.009997312910854816,0.004189122002571821,-0.006312222220003605,0.18825417757034302,0.8922474384307861,-0.36508071422576904,0.18753935396671295,0.05999999865889549,0.03999999910593033,0.10000000149011612
0.0,6.0,14.0,73.0,7078.68994140625,-244.2575225830078,196.724609375,-58.73735809326172,31.240123748779297,-146.83262634277344,-0.00999936368316412,0.0042661442421376705,-0.006272553000599146,0.18759070336818695,0.8923962712287903,-0.364626407623291,0.18837790191173553,0.05999999865889549,0.03999999910593033,0.10000000149011612
0.0,6.0,14.0,74.0,7077.6953125,-243.70179748535156,194.2377471923828,-58.50757598876953,32.6897087097168,-146.28599548339844,-0.009999997913837433,0.004342858213931322,-0.006232779938727617,0.18692705035209656,0.8925440311431885,-0.3641709089279175,0.1892167329788208,0.05999999865889549,0.03999999910593033,0.10000000149011612
0.0,6.0,14.0,76.0,7076.701171875,-243.11990356445312,191.75296020507812,-58.47885513305664,34.22904968261719,-146.16392517089844,-0.009999215602874756,0.004419258795678616,-0.00619278522208333,0.18626458942890167,0.8926906585693359,-0.3637145757675171,0.19005431234836578,0.05999999865889549,0.03999999910593033,0.10000000149011612
0.0,6.0,14.0,78.0,7075.7109375,-242.5135498046875,189.27792358398438,-58.24907684326172,35.66786575317383,-145.5903778076172,-0.009997016750276089,0.004495339933782816,-0.006152689456939697,0.18559959530830383,0.8928370475769043,-0.36325663328170776,0.1908910572528839,0.05999999865889549,0.03999999910593033,0.10000000149011612
0.0,6.0,14.0,79.0,7074.7236328125,-241.8820343017578,186.80921936035156,-58.07674026489258,37.14796829223633,-145.21788024902344,-0.009993402287364006,0.0045710960403084755,-0.0061124335043132305,0.18493615090847015,0.8929820656776428,-0.36279791593551636,0.191727414727211,0.05999999865889549,0.03999999910593033,0.10000000149011612
0.0,6.0,14.0,81.0,7073.7373046875,-241.2244110107422,184.34339904785156,-58.01929473876953,38.683719635009766,-145.04824829101562,-0.009988371282815933,0.004646522458642721,-0.006071958225220442,0.1842704713344574,0.8931266069412231,-0.362337589263916,0.19256383180618286,0.05999999865889549,0.03999999910593033,0.10000000149011612
0.0,6.0,14.0,83.0,7072.75537109375,-240.54263305664062,181.8880615234375,-57.76079559326172,40.104583740234375,-144.43161010742188,-0.009981945157051086,0.004721613135188818,-0.006031385622918606,0.1836043894290924,0.8932701349258423,-0.3618764877319336,0.1933995634317398,0.05999999865889549,0.03999999910593033,0.10000000149011612
0.0,6.0,14.0,85.0,7071.7744140625,-239.8348388671875,179.43618774414062,-57.70335006713867,41.63494873046875,-144.2278594970703,-0.009974089451134205,0.004796362482011318,-0.005990595556795597,0.18293914198875427,0.8934128880500793,-0.3614141047000885,0.19423320889472961,0.05999999865889549,0.03999999910593033,0.10000000149011612
0.0,6.0,14.0,86.0,7070.79833984375,-239.10313415527344,176.9952850341797,-57.4161262512207,43.04145050048828,-143.58250427246094,-0.009964820928871632,0.004870765842497349,-0.005949710495769978,0.18227198719978333,0.8935549855232239,-0.360950231552124,0.19506782293319702,0.05999999865889549,0.03999999910593033,0.10000000149011612
0.0,6.0,14.0,88.0,7069.82470703125,-238.3466033935547,174.5619659423828,-57.27251434326172,44.50180435180664,-143.1363983154297,-0.009954140521585941,0.004944817163050175,-0.005908670835196972,0.18160602450370789,0.8936958909034729,-0.3604854345321655,0.19590109586715698,0.05999999865889549,0.03999999910593033,0.10000000149011612
0.0,6.0,14.0,90.0,7068.8515625,-237.5629119873047,172.1292266845703,-57.24378967285156,46.099491119384766,-143.102294921875,-0.009942018426954746,0.005018643103539944,-0.005867354106158018,0.18093599379062653,0.8938369750976562,-0.360017865896225,0.19673533737659454,0.05999999865889549,0.03999999910593033,0.10000000149011612
0.0,6.0,14.0,91.0,7067.884765625,-236.75686645507812,169.7118682861328,-56.870399475097656,47.4144401550293,-142.19754028320312,-0.009928516112267971,0.0050919740460813046,-0.005826008040457964,0.1802690625190735,0.8939762711524963,-0.35955074429512024,0.1975673884153366,0.05999999865889549,0.03999999910593033,0.10000000149011612
0.0,6.0,14.0,93.0,7066.919921875,-235.92495727539062,167.2992401123047,-56.75550842285156,48.935829162597656,-141.91929626464844,-0.009913607500493526,0.005164937116205692,-0.005784448701888323,0.17959994077682495,0.8941150307655334,-0.35908201336860657,0.19839949905872345,0.05999999865889549,0.03999999910593033,0.10000000149011612
0.0,6.0,14.0,95.0,7065.95947265625,-235.06976318359375,164.8988494873047,-56.49700927734375,50.3055305480957,-141.19943237304688,-0.009897338226437569,0.0052375271916389465,-0.0057428013533353806,0.17893041670322418,0.8942528367042542,-0.3586125075817108,0.19923092424869537,0.05999999865889549,0.03999999910593033,0.10000000149011612
0.0,6.0,14.0,96.0,7065.00146484375,-234.1887969970703,162.50367736816406,-56.353397369384766,51.821537017822266,-140.89247131347656,-0.009879627265036106,0.005309739150106907,-0.005700941663235426,0.17826171219348907,0.8943898677825928,-0.3581417500972748,0.20006027817726135,0.05999999865889549,0.03999999910593033,0.10000000149011612
0.0,6.0,14.0,98.0,7064.04833984375,-233.28480529785156,160.1212158203125,-56.0661735534668,53.17597961425781,-140.14479064941406,-0.009860517457127571,0.005381566938012838,-0.005658996757119894,0.17759111523628235,0.8945261240005493,-0.3576694428920746,0.20089052617549896,0.05999999865889549,0.03999999910593033,0.10000000149011612
0.0,6.0,15.0,0.0,7063.09912109375,-232.3565673828125,157.74807739257812,-55.83639144897461,54.60222625732422,-139.5963592529297,-0.009840009734034538,0.005453006364405155,-0.0056169042363762856,0.1769217699766159,0.8946613073348999,-0.35719630122184753,0.2017194628715515,0.05999999865889549,0.03999999910593033,0.10000000149011612
0.0,6.0,15.0,2.0,7062.15234375,-231.40280151367188,155.38104248046875,-55.692779541015625,56.1038703918457,-139.23733520507812,-0.00981810875236988,0.00552405184134841,-0.0055746035650372505,0.1762498915195465,0.8947961926460266,-0.35672158002853394,0.2025476098060608,0.05999999865889549,0.03999999910593033,0.10000000149011612
0.0,6.0,15.0,3.0,7061.2109375,-230.4263458251953,153.02731323242188,-55.376834869384766,57.43856430053711,-138.45465087890625,-0.009794816374778748,0.005594698246568441,-0.005532220471650362,0.17557784914970398,0.8949299454689026,-0.3562457263469696,0.20337596535682678,0.05999999865889549,0.03999999910593033,0.10000000149011612
0.0,6.0,15.0,5.0,7060.27197265625,-229.42445373535156,150.68019104003906,-55.23322296142578,58.93482208251953,-138.0659942626953,-0.009770137257874012,0.00566494045779109,-0.005489630158990622,0.17490702867507935,0.8950626254081726,-0.3557690382003784,0.20420300960540771,0.05999999865889549,0.03999999910593033,0.10000000149011612
0.0,6.0,15.0,7.0,7059.3388671875,-228.4001922607422,148.34689331054688,-54.888553619384766,60.25067138671875,-137.25279235839844,-0.009744074195623398,0.0057347738184034824,-0.0054469602182507515,0.1742340326309204,0.8951948285102844,-0.3552907407283783,0.2050301432609558,0.05999999865889549,0.03999999910593033,0.10000000149011612
0.0,6.0,15.0,8.0,7058.40966796875,-227.35218811035156,146.02413940429688,-54.65877151489258,61.64729690551758,-136.632568359375,-0.009716630913317204,0.005804192274808884,-0.005404149182140827,0.1735619455575943,0.8953260183334351,-0.35481172800064087,0.20585504174232483,0.05999999865889549,0.03999999910593033,0.10000000149011612
0.0,6.0,15.0,10.0,7057.4833984375,-226.27899169921875,143.7087860107422,-54.4864387512207,63.12919616699219,-136.19725036621094,-0.009687811136245728,0.005873191636055708,-0.005361133720725775,0.17288798093795776,0.8954564929008484,-0.35433098673820496,0.20668089389801025,0.05999999865889549,0.03999999910593033,0.10000000149011612
0.0,6.0,15.0,12.0,7056.56298828125,-225.18380737304688,141.4078826904297,-54.14176940917969,64.42259979248047,-135.3472442626953,-0.00965769775211811,0.0059417677111923695,-0.005318042356520891,0.17221352458000183,0.8955861330032349,-0.3538491725921631,0.20750607550144196,0.05999999865889549,0.03999999910593033,0.10000000149011612
0.0,6.0,15.0,13.0,7055.64599609375,-224.0635986328125,139.11489868164062,-53.940711975097656,65.89462280273438,-134.8813934326172,-0.00962614081799984,0.006009913515299559,-0.005274749360978603,0.17154033482074738,0.8957145810127258,-0.35336655378341675,0.2083299607038498,0.05999999865889549,0.03999999910593033,0.10000000149011612
0.0,6.0,15.0,15.0,7054.73486328125,-222.92172241210938,136.8368377685547,-53.59604263305664,67.16918182373047,-134.00357055664062,-0.009593220427632332,0.006077625788748264,-0.005231382790952921,0.17086462676525116,0.8958428502082825,-0.35288235545158386,0.20915299654006958,0.05999999865889549,0.03999999910593033,0.10000000149011612
0.0,6.0,15.0,17.0,7053.828125,-221.7567138671875,134.57054138183594,-53.33753967285156,68.5299072265625,-133.31153869628906,-0.00955894123762846,0.0061448984779417515,-0.005187880713492632,0.1701904833316803,0.8959696292877197,-0.3523973524570465,0.20997558534145355,0.05999999865889549,0.03999999910593033,0.10000000149011612
0.0,6.0,15.0,19.0,7052.923828125,-220.5650634765625,132.30950927734375,-53.19392776489258,70.09707641601562,-133.0018768310547,-0.009523214772343636,0.00621184753254056,-0.0051441132090985775,0.16951261460781097,0.8960961699485779,-0.35190996527671814,0.21079982817173004,0.05999999865889549,0.03999999910593033,0.10000000149011612
0.0,6.0,15.0,20.0,7052.02685546875,-219.35403442382812,130.06747436523438,-52.763092041015625,71.23699951171875,-131.8843994140625,-0.009486229158937931,0.006278226617723703,-0.005100342445075512,0.16883721947669983,0.8962215781211853,-0.35142257809638977,0.2116202712059021,0.05999999865889549,0.03999999910593033,0.10000000149011612
0.0,6.0,15.0,22.0,7051.1337890625,-218.1183319091797,127.83456420898438,-52.5333137512207,72.6883773803711,-131.34764099121094,-0.009447899647057056,0.006344153080135584,-0.005056373309344053,0.16815994679927826,0.8963461518287659,-0.35093364119529724,0.2124415785074234,0.05999999865889549,0.03999999910593033,0.10000000149011612
0.0,6.0,15.0,24.0,7050.2470703125,-216.86181640625,125.6176986694336,-52.1599235534668,73.91267395019531,-130.40383911132812,-0.009408335201442242,0.006409620400518179,-0.005012338515371084,0.1674821823835373,0.8964698910713196,-0.3504435420036316,0.21326224505901337,0.05999999865889549,0.03999999910593033,0.10000000149011612
0.0,6.0,15.0,25.0,7049.3642578125,-215.580810546875,123.41046905517578,-51.93014144897461,75.35327911376953,-129.83702087402344,-0.009367338381707668,0.006474625319242477,-0.004968107677996159,0.1668056696653366,0.8965925574302673,-0.3499526381492615,0.21408160030841827,0.05999999865889549,0.03999999910593033,0.10000000149011612
0.0,6.0,15.0,27.0,7048.48779296875,-214.27932739257812,121.21969604492188,-51.5567512512207,76.55782318115234,-128.86898803710938,-0.009325014427304268,0.006539162714034319,-0.004923813045024872,0.16612669825553894,0.8967148661613464,-0.3494601249694824,0.21490007638931274,0.05999999865889549,0.03999999910593033,0.10000000149011612
0.0,6.0,15.0,29.0,7047.61669921875,-212.95559692382812,119.04230499267578,-51.24080276489258,77.86649322509766,-128.08181762695312,-0.009281368926167488,0.00660322792828083,-0.00487939128652215,0.16544924676418304,0.8968357443809509,-0.34896692633628845,0.2157181203365326,0.05999999865889549,0.03999999910593033,0.10000000149011612
0.0,6.0,15.0,30.0,7046.75,-211.607666015625,116.87527465820312,-50.982303619384766,79.29004669189453,-127.47235870361328,-0.009236409328877926,0.006666814908385277,-0.004834775347262621,0.16476961970329285,0.8969561457633972,-0.34847208857536316,0.21653616428375244,0.05999999865889549,0.03999999910593033,0.10000000149011612
0.0,6.0,15.0,32.0,7045.89013671875,-210.2397918701172,114.725341796875,-50.5801887512207,80.46318054199219,-126.46662902832031,-0.009190141223371029,0.006729921326041222,-0.004790100734680891,0.16408924758434296,0.8970759510993958,-0.34797608852386475,0.21735265851020813,0.05999999865889549,0.03999999910593033,0.10000000149011612
0.0,6.0,15.0,34.0,7045.03466796875,-208.84796142578125,112.58628845214844,-50.321685791015625,81.87237548828125,-125.82666015625,-0.00914257112890482,0.006792541593313217,-0.004745235200971365,0.16341044008731842,0.8971943259239197,-0.34747934341430664,0.21816875040531158,0.05999999865889549,0.03999999910593033,0.10000000149011612
0.0,6.0,15.0,36.0,7044.18603515625,-207.43649291992188,110.46469116210938,-49.91957473754883,83.02754974365234,-124.7998275756836,-0.00909370742738247,0.00685467105358839,-0.0047003123909235,0.1627294272184372,0.8973121047019958,-0.346981018781662,0.21898478269577026,0.05999999865889549,0.03999999910593033,0.10000000149011612
0.0,6.0,15.0,37.0,7043.34326171875,-206.0034637451172,108.35759735107422,-49.57490539550781,84.29582977294922,-123.94668579101562,-0.009043553844094276,0.006916305050253868,-0.0046552675776183605,0.16204969584941864,0.8974288105964661,-0.34648188948631287,0.21979953348636627,0.05999999865889549,0.03999999910593033,0.10000000149011612
0.0,6.0,15.0,39.0,7042.5048828125,-204.54685974121094,106.2621078491211,-49.316402435302734,85.68257904052734,-123.26407623291016,-0.008992119692265987,0.006977439858019352,-0.004610034637153149,0.16136744618415833,0.8975451588630676,-0.3459811806678772,0.22061337530612946,0.05999999865889549,0.03999999910593033,0.10000000149011612
0.0,6.0,15.0,41.0,7041.673828125,-203.07115173339844,104.1846923828125,-48.88556671142578,86.80634307861328,-122.20089721679688,-0.008939548395574093,0.0070380703546106815,-0.004564749542623758,0.16068507730960846,0.897660493850708,-0.3454793393611908,0.22142742574214935,0.05999999865889549,0.03999999910593033,0.10000000149011612
0.0,6.0,15.0,42.0,7040.84765625,-201.57211303710938,102.11934661865234,-48.59834289550781,88.17874145507812,-121.49091339111328,-0.008885577321052551,0.007098192814737558,-0.00451927725225687,0.16000396013259888,0.8977745175361633,-0.3449767231941223,0.2222401201725006,0.05999999865889549,0.03999999910593033,0.10000000149011612
0.0,6.0,15.0,44.0,7040.02880859375,-200.05433654785156,100.07246398925781,-48.167503356933594,89.28096008300781,-120.40485382080078,-0.008830348029732704,0.007157802581787109,-0.004473756067454815,0.1593203842639923,0.8978883624076843,-0.3444725275039673,0.2230519950389862,0.05999999865889549,0.03999999910593033,0.10000000149011612
0.0,6.0,15.0,46.0,7039.21630859375,-198.51577758789062,98.04116821289062,-47.79411315917969,90.50346374511719,-119.48797607421875,-0.008773867972195148,0.007216894533485174,-0.004428118467330933,0.1586383581161499,0.8980007767677307,-0.34396761655807495,0.2238633632659912,0.05999999865889549,0.03999999910593033,0.10000000149011612
0.0,6.0,15.0,47.0,7038.4091796875,-196.95423889160156,96.02263641357422,-47.47816848754883,91.85520935058594,-118.73715209960938,-0.008716144599020481,0.007275466341525316,-0.004382296930998564,0.1579541712999344,0.8981126546859741,-0.3434610664844513,0.2246747463941574,0.05999999865889549,0.03999999910593033,0.10000000149011612
0.0,6.0,15.0,49.0,7037.60791015625,-195.3721923828125,94.0201644897461,-47.13349914550781,93.06155395507812,-117.7924575805664,-0.008657033555209637,0.007333615329116583,-0.0043363613076508045,0.1572697013616562,0.8982235193252563,-0.3429529368877411,0.22548633813858032,0.05999999865889549,0.03999999910593033,0.10000000149011612
0.0,6.0,15.0,51.0,7036.8134765625,-193.769775390625,92.03394317626953,-46.73138427734375,94.25981140136719,-116.83654022216797,-0.008596845902502537,0.007391130086034536,-0.004290313459932804,0.15658432245254517,0.8983339071273804,-0.3424440920352936,0.22629547119140625,0.05999999865889549,0.03999999910593033,0.10000000149011612
0.0,6.0,15.0,53.0,7036.02685546875,-192.1496124267578,90.0671157836914,-46.27182388305664,95.30369567871094,-115.69571685791016,-0.008535600267350674,0.007448111195117235,-0.004244222305715084,0.15589876472949982,0.8984431624412537,-0.3419340252876282,0.2271047830581665,0.05999999865889549,0.03999999910593033,0.10000000149011612
0.0,6.0,15.0,54.0,7035.24560546875,-190.5070037841797,88.1139907836914,-45.95587921142578,96.62403106689453,-114.88969421386719,-0.008472989313304424,0.007504553999751806,-0.004197951406240463,0.15521448850631714,0.8985512852668762,-0.34142327308654785,0.22791273891925812,0.05999999865889549,0.03999999910593033,0.10000000149011612
0.0,6.0,15.0,56.0,7034.47216796875,-188.84706115722656,86.18062591552734,-45.49631881713867,97.6436767578125,-113.72733306884766,-0.008409177884459496,0.0075604552403092384,-0.004151640925556421,0.15452775359153748,0.8986591100692749,-0.34091097116470337,0.22871984541416168,0.05999999865889549,0.03999999910593033,0.10000000149011612
0.0,6.0,15.0,58.0,7033.70556640625,-187.16748046875,84.26427459716797,-45.09420394897461,98.79885864257812,-112.7265396118164,-0.008344175294041634,0.007615809794515371,-0.004105222877115011,0.15384259819984436,0.8987654447555542,-0.3403978943824768,0.22952646017074585,0.05999999865889549,0.03999999910593033,0.10000000149011612
0.0,6.0,15.0,59.0,7032.94482421875,-185.4658966064453,82.3623046875,-44.74953842163086,100.0931625366211,-111.88057708740234,-0.008277990855276585,0.007670614402741194,-0.004058627877384424,0.15315529704093933,0.8988713026046753,-0.3398832380771637,0.23033301532268524,0.05999999865889549,0.03999999910593033,0.10000000149011612
0.0,6.0,15.0,61.0,7032.1923828125,-183.7476043701172,80.48062133789062,-44.26125717163086,101.07600402832031,-110.68724822998047,-0.008210633881390095,0.00772486487403512,-0.004011997487396002,0.15246763825416565,0.8989760875701904,-0.3393678069114685,0.23113887012004852,0.05999999865889549,0.03999999910593033,0.10000000149011612
0.0,6.0,15.0,63.0,7031.4453125,-182.00758361816406,78.61376953125,-43.945308685302734,102.35415649414062,-109.81480407714844,-0.00814211368560791,0.007778557948768139,-0.003965192474424839,0.1517808437347412,0.8990800976753235,-0.33885136246681213,0.23194247484207153,0.05999999865889549,0.03999999910593033,0.10000000149011612
0.0,6.0,15.0,64.0,7030.70703125,-180.25123596191406,76.76752471923828,-43.428306579589844,103.31455993652344,-108.60263061523438,-0.008072440512478352,0.007831688039004803,-0.003918354865163565,0.15109220147132874,0.8991833329200745,-0.3383331894874573,0.23274700343608856,0.05999999865889549,0.03999999910593033,0.10000000149011612
0.0,6.0,15.0,66.0,7029.9755859375,-178.47616577148438,74.93927001953125,-43.02619171142578,104.41588592529297,-107.54438781738281,-0.008001623675227165,0.007884252816438675,-0.0038714148104190826,0.15040484070777893,0.8992853760719299,-0.3378143608570099,0.23355019092559814,0.05999999865889549,0.03999999910593033,0.10000000149011612
0.0,6.0,15.0,68.0,7029.25048828125,-176.6798553466797,73.12651824951172,-42.652801513671875,105.66531372070312,-106.6324462890625,-0.007929673418402672,0.007936248555779457,-0.003824304323643446,0.14971500635147095,0.8993871212005615,-0.33729392290115356,0.23435238003730774,0.05999999865889549,0.03999999910593033,0.10000000149011612
0.0,6.0,15.0,70.0,7028.5341796875,-174.86785888671875,71.3348617553711,-42.13579559326172,106.58802032470703,-105.39154815673828,-0.007856788113713264,0.007987670600414276,-0.003777164500206709,0.1490250676870346,0.8994877338409424,-0.3367723524570465,0.23515479266643524,0.05999999865889549,0.03999999910593033,0.10000000149011612
0.0,6.0,15.0,71.0,7027.82373046875,-173.03494262695312,69.55912780761719,-41.7911262512207,107.81859588623047,-104.45492553710938,-0.007782604545354843,0.008038516156375408,-0.003729855874553323,0.14833639562129974,0.8995871543884277,-0.33625009655952454,0.2359558790922165,0.05999999865889549,0.03999999910593033,0.10000000149011612
0.0,6.0,15.0,73.0,7027.1220703125,-171.186767578125,67.80480194091797,-41.27412414550781,108.71617126464844,-103.19563293457031,-0.007707318291068077,0.00808878056704998,-0.003682520939037204,0.14764556288719177,0.8996860384941101,-0.33572617173194885,0.23675686120986938,0.05999999865889549,0.03999999910593033,0.10000000149011612
0.0,6.0,15.0,75.0,7026.427734375,-169.32083129882812,66.06941986083984,-40.84328842163086,109.76094818115234,-102.08129119873047,-0.007630940526723862,0.008138461038470268,-0.0036350905429571867,0.1469557285308838,0.8997839689254761,-0.335201621055603,0.2375556081533432,0.05999999865889549,0.03999999910593033,0.10000000149011612
0.0,6.0,15.0,76.0,7025.740234375,-167.4344482421875,64.3505859375,-40.4411735534668,110.96369934082031,-101.10787200927734,-0.007553481496870518,0.0081875529140234,-0.003587494371458888,0.14626406133174896,0.89988112449646,-0.3346754312515259,0.23835523426532745,0.05999999865889549,0.03999999910593033,0.10000000149011612
0.0,6.0,15.0,78.0,7025.0615234375,-165.5334930419922,62.65362548828125,-39.92416763305664,111.82088470458984,-99.82119750976562,-0.007474952843040228,0.008236054331064224,-0.003539876313880086,0.14557193219661713,0.8999773859977722,-0.3341480791568756,0.23915411531925201,0.05999999865889549,0.03999999910593033,0.10000000149011612
0.0,6.0,15.0,80.0,7024.388671875,-163.6095428466797,60.97112274169922,-39.57950210571289,113.17353057861328,-98.97074127197266,-0.00739515945315361,0.008284046314656734,-0.0034920228645205498,0.1448792815208435,0.9000728130340576,-0.3336191773414612,0.23995235562324524,0.05999999865889549,0.03999999910593033,0.10000000149011612
0.0,6.0,15.0,81.0,7023.72509765625,-161.67433166503906,59.31332015991211,-39.033775329589844,113.83594512939453,-97.51779174804688,-0.007314729504287243,0.008331351913511753,-0.0034442218020558357,0.14418627321720123,0.9001672863960266,-0.33308953046798706,0.240749791264534,0.05999999865889549,0.03999999910593033,0.10000000149011612
0.0,6.0,15.0,83.0,7023.0693359375,-159.71939086914062,57.67289352416992,-38.574214935302734,114.99650573730469,-96.49567413330078,-0.0072330585680902,0.008378056809306145,-0.0033962593879550695,0.1434946209192276,0.9002606272697449,-0.3325592279434204,0.24154594540596008,0.05999999865889549,0.03999999910593033,0.10000000149011612
0.0,6.0,15.0,85.0,7022.421875,-157.75076293945312,56.05491256713867,-38.085933685302734,115.8016357421875,-95.17533874511719,-0.007150362711399794,0.008424156345427036,-0.003348280442878604,0.14280079305171967,0.9003533720970154,-0.3320273160934448,0.24234198033809662,0.05999999865889549,0.03999999910593033,0.10000000149011612
0.0,6.0,15.0,87.0,7021.78271484375,-155.76576232910156,54.457088470458984,-37.597652435302734,116.76473236083984,-93.9896469116211,-0.0070666540414094925,0.00846964679658413,-0.0033002146519720554,0.1421079784631729,0.9004452228546143,-0.3314947783946991,0.24313579499721527,0.05999999865889549,0.03999999910593033,0.10000000149011612
0.0,6.0,15.0,88.0,7021.15087890625,-153.76153564453125,52.877227783203125,-37.16681671142578,117.89567565917969,-92.93297576904297,-0.006981943733990192,0.008514526300132275,-0.0032519910018891096,0.14141333103179932,0.9005361795425415,-0.33096060156822205,0.243930384516716,0.05999999865889549,0.03999999910593033,0.10000000149011612
0.0,6.0,15.0,90.0,7020.5283203125,-151.7443389892578,51.320220947265625,-36.621089935302734,118.65861511230469,-91.58863067626953,-0.006896244827657938,0.008558790199458599,-0.003203754546120763,0.1407182365655899,0.9006262421607971,-0.3304252624511719,0.24472424387931824,0.05999999865889549,0.03999999910593033,0.10000000149011612
0.0,6.0,15.0,92.0,7019.91259765625,-149.7083282470703,49.78157424926758,-36.21897506713867,119.76532745361328,-90.50862121582031,-0.006809569429606199,0.008602436631917953,-0.003155362792313099,0.14002443850040436,0.900715172290802,-0.32988929748535156,0.2455167919397354,0.05999999865889549,0.03999999910593033,0.10000000149011612
0.0,6.0,15.0,93.0,7019.306640625,-147.6597900390625,48.26604461669922,-35.644527435302734,120.50223541259766,-89.14879608154297,-0.006721928715705872,0.008645460940897465,-0.0031069612596184015,0.1393282413482666,0.9008037447929382,-0.3293516933917999,0.246308371424675,0.05999999865889549,0.03999999910593033,0.10000000149011612
0.0,6.0,15.0,95.0,7018.70849609375,-145.59588623046875,46.77146911621094,-35.18497085571289,121.40609741210938,-87.91619873046875,-0.006633336190134287,0.008687860332429409,-0.003058479167521,0.1386336088180542,0.9008908867835999,-0.32881346344947815,0.24709945917129517,0.05999999865889549,0.03999999910593033,0.10000000149011612
0.0,6.0,15.0,97.0,7018.1181640625,-143.5137481689453,45.295814514160156,-34.72541046142578,122.47869873046875,-86.80320739746094,-0.0065438044257462025,0.008729633875191212,-0.0030098443385213614,0.13793683052062988,0.900977373123169,-0.32827356457710266,0.2478904128074646,0.05999999865889549,0.03999999910593033,0.10000000149011612
0.0,6.0,15.0,98.0,7017.53759765625,-141.41981506347656,43.84366226196289,-34.150962829589844,123.17252349853516,-85.42071533203125,-0.006453578360378742,0.00877077504992485,-0.002961204620078206,0.13723938167095184,0.9010633230209351,-0.3277326226234436,0.24867980182170868,0.05999999865889549,0.03999999910593033,0.10000000149011612
0.0,6.0,16.0,0.0,7016.96435546875,-139.30801391601562,42.41079330444336,-33.72012710571289,124.22358703613281,-84.2863998413086,-0.006362207233905792,0.008811283856630325,-0.0029124144930392504,0.13654351234436035,0.9011478424072266,-0.32719093561172485,0.24946872889995575,0.05999999865889549,0.03999999910593033,0.10000000149011612
0.0,6.0,16.0,2.0,7016.40087890625,-137.1848907470703,41.00165557861328,-33.14567565917969,124.88958740234375,-82.89044952392578,-0.006269935052841902,0.008851155638694763,-0.002863622037693858,0.13584551215171814,0.9012316465377808,-0.32664763927459717,0.2502575218677521,0.05999999865889549,0.03999999910593033,0.10000000149011612
0.0,6.0,16.0,4.0,7015.845703125,-135.04751586914062,39.614234924316406,-32.65739440917969,125.72792053222656,-81.61297607421875,-0.0061767748557031155,0.00889038760215044,-0.0028147550765424967,0.135148823261261,0.901314377784729,-0.32610374689102173,0.2510449290275574,0.05999999865889549,0.03999999910593033,0.10000000149011612
0.0,6.0,16.0,5.0,7015.298828125,-132.89285278320312,38.24663162231445,-32.16911315917969,126.744873046875,-80.4472427368164,-0.006082739681005478,0.008928977884352207,-0.002765741664916277,0.13444972038269043,0.9013967514038086,-0.32555827498435974,0.25183141231536865,0.05999999865889549,0.03999999910593033,0.10000000149011612
0.0,6.0,16.0,7.0,7014.76123046875,-130.72763061523438,36.90310287475586,-31.623388290405273,127.36599731445312,-79.03109741210938,-0.005987843032926321,0.008966922760009766,-0.002716729650273919,0.13375049829483032,0.9014779329299927,-0.32501161098480225,0.2526179850101471,0.05999999865889549,0.03999999910593033,0.10000000149011612
0.0,6.0,16.0,9.0,7014.23193359375,-128.54551696777344,35.57973861694336,-31.135107040405273,128.359619140625,-77.8449478149414,-0.0058920979499816895,0.009004220366477966,-0.002667573280632496,0.13305258750915527,0.9015579223632812,-0.3244643211364746,0.2534032166004181,0.05999999865889549,0.03999999910593033,0.10000000149011612
0.0,6.0,16.0,10.0,7013.71142578125,-126.35003662109375,34.278724670410156,-30.618104934692383,129.14588928222656,-76.53022766113281,-0.005795517936348915,0.009040933102369308,-0.0026183477602899075,0.13235071301460266,0.9016377329826355,-0.323914498090744,0.25418901443481445,0.05999999865889549,0.03999999910593033,0.10000000149011612
0.0,6.0,16.0,12.0,7013.2001953125,-124.14137268066406,33.00018310546875,-30.072378158569336,129.92140197753906,-75.20832061767578,-0.0056981174275279045,0.009076925925910473,-0.002569053787738085,0.13165198266506195,0.9017159938812256,-0.3233649432659149,0.25497275590896606,0.05999999865889549,0.03999999910593033,0.10000000149011612
0.0,6.0,16.0,14.0,7012.6982421875,-121.92312622070312,31.74612808227539,-29.52665138244629,130.48507690429688,-73.76793670654297,-0.00559990992769599,0.009112263098359108,-0.0025197670329362154,0.1309511363506317,0.9017935991287231,-0.3228137791156769,0.2557563781738281,0.05999999865889549,0.03999999910593033,0.10000000149011612
0.0,6.0,16.0,15.0,7012.2060546875,-119.69218444824219,30.514738082885742,-28.95220375061035,131.2318572998047,-72.43470001220703,-0.005500908941030502,0.00914694182574749,-0.002470414387062192,0.13025161623954773,0.90187007188797,-0.3222620189189911,0.25653862953186035,0.05999999865889549,0.03999999910593033,0.10000000149011612
0.0,6.0,16.0,17.0,7011.7216796875,-117.44546508789062,29.304363250732422,-28.492645263671875,132.1599578857422,-71.19851684570312,-0.005401128437370062,0.00918096024543047,-0.0024209239054471254,0.12954968214035034,0.9019462466239929,-0.32170864939689636,0.2573198676109314,0.05999999865889549,0.03999999910593033,0.10000000149011612
0.0,6.0,16.0,19.0,7011.24755859375,-115.18987274169922,28.11874008178711,-27.88947296142578,132.681884765625,-69.7425308227539,-0.005300583317875862,0.009214315563440323,-0.002371444134041667,0.1288476437330246,0.9020211100578308,-0.3211541473865509,0.2581012547016144,0.05999999865889549,0.03999999910593033,0.10000000149011612
0.0,6.0,16.0,21.0,7010.78173828125,-112.91891479492188,26.95444679260254,-27.40119171142578,133.58575439453125,-68.48783111572266,-0.005199287552386522,0.009247004985809326,-0.002321828855201602,0.1281469315290451,0.9020949006080627,-0.3205990195274353,0.2588813304901123,0.05999999865889549,0.03999999910593033,0.10000000149011612
0.0,6.0,16.0,22.0,7010.326171875,-110.63961791992188,25.815088272094727,-26.79802131652832,134.07627868652344,-67.02108001708984,-0.005097254179418087,0.009279025718569756,-0.0022722273133695126,0.1274438202381134,0.9021682739257812,-0.32004234194755554,0.25966036319732666,0.05999999865889549,0.03999999910593033,0.10000000149011612
0.0,6.0,16.0,24.0,7009.87939453125,-108.34881591796875,24.699016571044922,-26.281017303466797,134.7530517578125,-65.6512680053711,-0.004994499962776899,0.009310377761721611,-0.0022225668653845787,0.12674230337142944,0.9022402167320251,-0.3194849491119385,0.26043885946273804,0.05999999865889549,0.03999999910593033,0.10000000149011612
0.0,6.0,16.0,26.0,7009.44189453125,-106.0433120727539,23.604736328125,-25.735292434692383,135.61785888671875,-64.36942291259766,-0.004891037940979004,0.00934105645865202,-0.002172773936763406,0.12603867053985596,0.9023115038871765,-0.31892597675323486,0.2612171769142151,0.05999999865889549,0.03999999910593033,0.10000000149011612
0.0,6.0,16.0,27.0,7009.01416015625,-103.730224609375,22.535629272460938,-25.160842895507812,136.06394958496094,-62.88864517211914,-0.0047871507704257965,0.009371059946715832,-0.002122999168932438,0.12533478438854218,0.9023817777633667,-0.31836631894111633,0.26199477910995483,0.05999999865889549,0.03999999910593033,0.10000000149011612
0.0,6.0,16.0,29.0,7008.59521484375,-101.40287780761719,21.48860740661621,-24.643840789794922,136.90274047851562,-61.589515686035156,-0.004682319238781929,0.009400387294590473,-0.002073094714432955,0.12463180720806122,0.9024513363838196,-0.3178056478500366,0.2627701163291931,0.05999999865889549,0.03999999910593033,0.10000000149011612
0.0,6.0,16.0,31.0,7008.1865234375,-99.0684585571289,20.466909408569336,-24.040668487548828,137.3187713623047,-60.099876403808594,-0.004576824605464935,0.009429034776985645,-0.0020232107490301132,0.12392701208591461,0.9025198817253113,-0.3172433376312256,0.2635462284088135,0.05999999865889549,0.03999999910593033,0.10000000149011612
0.0,6.0,16.0,32.0,7007.78759765625,-96.7237548828125,19.469058990478516,-23.46622085571289,137.92373657226562,-58.697078704833984,-0.004470681771636009,0.009457002393901348,-0.0019732743967324495,0.12322355061769485,0.902587354183197,-0.3166804313659668,0.264320969581604,0.05999999865889549,0.03999999910593033,0.10000000149011612
0.0,6.0,16.0,34.0,7007.3974609375,-94.36547088623047,18.49371910095215,-22.949216842651367,138.7225799560547,-57.372928619384766,-0.004363905638456345,0.009484285488724709,-0.0019232117338106036,0.12251770496368408,0.9026544094085693,-0.31611594557762146,0.26509466767311096,0.05999999865889549,0.03999999910593033,0.10000000149011612
0.0,6.0,16.0,36.0,7007.017578125,-92.00088500976562,17.543903350830078,-22.346046447753906,139.09327697753906,-55.87150955200195,-0.004256511107087135,0.009510884061455727,-0.0018731739837676287,0.12181174755096436,0.9027203321456909,-0.315550297498703,0.26586848497390747,0.05999999865889549,0.03999999910593033,0.10000000149011612
0.0,6.0,16.0,38.0,7006.64697265625,-89.62319946289062,16.61687660217285,-21.80031967163086,139.8638458251953,-54.53097915649414,-0.00414851401001215,0.009536796249449253,-0.0018230126006528735,0.12110712379217148,0.9027850031852722,-0.3149840831756592,0.26664087176322937,0.05999999865889549,0.03999999910593033,0.10000000149011612
0.0,6.0,16.0,39.0,7006.2861328125,-87.23973846435547,15.715497970581055,-21.225872039794922,140.20358276367188,-53.02226638793945,-0.004039929248392582,0.009562019258737564,-0.0017728789243847132,0.12040039896965027,0.9028490781784058,-0.31441619992256165,0.2674131393432617,0.05999999865889549,0.03999999910593033,0.10000000149011612
0.0,6.0,16.0,41.0,7005.9345703125,-84.84004211425781,14.835871696472168,-20.680145263671875,141.15859985351562,-51.74271774291992,-0.0039307717233896255,0.009586594067513943,-0.001722548739053309,0.11969317495822906,0.9029123783111572,-0.31384679675102234,0.26818472146987915,0.05999999865889549,0.03999999910593033,0.10000000149011612
0.0,6.0,16.0,43.0,7005.59326171875,-82.43868255615234,13.983339309692383,-20.076974868774414,141.25643920898438,-50.14896011352539,-0.0038210575003176928,0.0096104322001338,-0.00167232402600348,0.11898568272590637,0.9029746055603027,-0.3132767379283905,0.2689554691314697,0.05999999865889549,0.03999999910593033,0.10000000149011612
0.0,6.0,16.0,44.0,7005.26220703125,-80.02875518798828,13.155327796936035,-19.47380256652832,141.7604217529297,-48.7065544128418,-0.003710802411660552,0.00963357649743557,-0.0016220558900386095,0.11827954649925232,0.9030356407165527,-0.3127061128616333,0.2697248160839081,0.05999999865889549,0.03999999910593033,0.10000000149011612
0.0,6.0,16.0,46.0,7004.9404296875,-77.60688781738281,12.350738525390625,-18.928077697753906,142.4627685546875,-47.32877731323242,-0.003600021591410041,0.009656024165451527,-0.0015716702910140157,0.11757101863622665,0.9030963778495789,-0.31213390827178955,0.27049311995506287,0.05999999865889549,0.03999999910593033,0.10000000149011612
0.0,6.0,16.0,48.0,7004.62890625,-75.1805648803711,11.572059631347656,-18.324907302856445,142.72486877441406,-45.80463790893555,-0.003488730639219284,0.009677775204181671,-0.0015213191509246826,0.11686240881681442,0.9031558632850647,-0.3115605413913727,0.2712615430355072,0.05999999865889549,0.03999999910593033,0.10000000149011612
0.0,6.0,16.0,49.0,7004.32666015625,-72.74278259277344,10.817042350769043,-17.7791805267334,143.39894104003906,-44.412776947021484,-0.00337694538757205,0.00969882681965828,-0.0014708528760820627,0.11615512520074844,0.903214156627655,-0.31098660826683044,0.27202850580215454,0.05999999865889549,0.03999999910593033,0.10000000149011612
0.0,6.0,16.0,51.0,7004.03515625,-70.30108642578125,10.088022232055664,-17.147287368774414,143.62918090820312,-42.8835334777832,-0.0032646821346133947,0.009719178080558777,-0.0014204239705577493,0.11544577777385712,0.9032717943191528,-0.3104110360145569,0.2727954387664795,0.05999999865889549,0.03999999910593033,0.10000000149011612
0.0,6.0,16.0,53.0,7003.75341796875,-67.85208129882812,9.383927345275879,-16.572837829589844,144.05911254882812,-41.41734313964844,-0.0031519560143351555,0.009738827124238014,-0.0013699581613764167,0.11473748087882996,0.9033285975456238,-0.30983495712280273,0.2735599875450134,0.05999999865889549,0.03999999910593033,0.10000000149011612
0.0,6.0,16.0,55.0,7003.4814453125,-65.39234924316406,8.703832626342773,-15.998390197753906,144.6901092529297,-40.00556945800781,-0.0030387837905436754,0.009757772088050842,-0.0013193811755627394,0.11402735859155655,0.9033844470977783,-0.3092571794986725,0.27432525157928467,0.05999999865889549,0.03999999910593033,0.10000000149011612
0.0,6.0,16.0,56.0,7003.2197265625,-62.92949676513672,8.049842834472656,-15.395218849182129,144.8736572265625,-38.46998596191406,-0.0029254727996885777,0.009776012971997261,-0.001268845284357667,0.11331687867641449,0.9034393429756165,-0.3086783289909363,0.27508974075317383,0.05999999865889549,0.03999999910593033,0.10000000149011612
0.0,6.0,16.0,58.0,7002.96826171875,-60.45640563964844,7.420068264007568,-14.792048454284668,145.47593688964844,-37.04555892944336,-0.002811456797644496,0.009793547913432121,-0.0012182010104879737,0.11260777711868286,0.9034931063652039,-0.3080989718437195,0.27585288882255554,0.05999999865889549,0.03999999910593033,0.10000000149011612
0.0,6.0,16.0,60.0,7002.7265625,-57.98072052001953,6.816455841064453,-14.217599868774414,145.62852478027344,-35.50661087036133,-0.0026970424223691225,0.009810375049710274,-0.0011676006251946092,0.11189626902341843,0.9035463929176331,-0.30751800537109375,0.2766149640083313,0.05999999865889549,0.03999999910593033,0.10000000149011612
0.0,6.0,16.0,61.0,7002.4951171875,-55.4990119934082,6.2381086349487305,-13.614429473876953,145.98284912109375,-34.02042007446289,-0.002582245972007513,0.009826493449509144,-0.0011169698555022478,0.1111864224076271,0.9035983681678772,-0.30693644285202026,0.2773765027523041,0.05999999865889549,0.03999999910593033,0.10000000149011612
0.0,6.0,16.0,63.0,7002.27392578125,-53.0078125,5.68427848815918,-13.011258125305176,146.5411376953125,-32.57823944091797,-0.0024670837447047234,0.009841901250183582,-0.0010662343120202422,0.11047448217868805,0.9036495685577393,-0.30635321140289307,0.27813780307769775,0.05999999865889549,0.03999999910593033,0.10000000149011612
0.0,6.0,16.0,65.0,7002.0625,-50.51482391357422,5.15667724609375,-12.436809539794922,146.64637756347656,-31.035364151000977,-0.002351572038605809,0.00985659845173359,-0.0010155468480661511,0.10976190119981766,0.9037001132965088,-0.30576902627944946,0.2788974940776825,0.05999999865889549,0.03999999910593033,0.10000000149011612
0.0,6.0,16.0,66.0,7001.861328125,-48.012840270996094,4.653780937194824,-11.833639144897461,147.1754913330078,-29.582134246826172,-0.0022357271518558264,0.00987058412283659,-0.0009647570550441742,0.1090509444475174,0.9037492275238037,-0.30518412590026855,0.27965661883354187,0.05999999865889549,0.03999999910593033,0.10000000149011612
0.0,6.0,16.0,68.0,7001.6708984375,-45.50960922241211,4.177145957946777,-11.20174503326416,147.24887084960938,-28.037349700927734,-0.002119565848261118,0.00988385733217001,-0.0009140181355178356,0.10833794623613358,0.9037976861000061,-0.3045977056026459,0.2804155945777893,0.05999999865889549,0.03999999910593033,0.10000000149011612
0.0,6.0,16.0,70.0,7001.490234375,-43.001644134521484,3.7260501384735107,-10.627296447753906,147.52734375,-26.535045623779297,-0.0020031039603054523,0.0098964162170887,-0.0008632554672658443,0.10762625932693481,0.9038450121879578,-0.30401068925857544,0.28117313981056213,0.05999999865889549,0.03999999910593033,0.10000000149011612
0.0,6.0,16.0,72.0,7001.31982421875,-40.481685638427734,3.299304723739624,-10.024126052856445,148.2328338623047,-25.10266876220703,-0.00188635871745646,0.009908280335366726,-0.0008123182342387736,0.10691066086292267,0.903891921043396,-0.3034210801124573,0.2819311320781708,0.05999999865889549,0.03999999910593033,0.10000000149011612
0.0,6.0,16.0,73.0,7001.15966796875,-37.96503829956055,2.8995025157928467,-9.420954704284668,148.03807067871094,-23.51777458190918,-0.0017693459521979094,0.009919406846165657,-0.0007615119684487581,0.10619828850030899,0.9039373397827148,-0.30283188819885254,0.28268709778785706,0.05999999865889549,0.03999999910593033,0.10000000149011612
0.0,6.0,16.0,75.0,7001.009765625,-35.440670013427734,2.524831771850586,-8.817784309387207,148.4922332763672,-22.039453506469727,-0.0016520826611667871,0.009929817169904709,-0.0007106098346412182,0.10548385232686996,0.9039821028709412,-0.30224111676216125,0.283442884683609,0.05999999865889549,0.03999999910593033,0.10000000149011612
0.0,6.0,16.0,77.0,7000.87060546875,-32.9163932800293,2.1764519214630127,-8.185891151428223,148.48684692382812,-20.492931365966797,-0.0015345853753387928,0.009939510375261307,-0.0006597653846256435,0.10476876050233841,0.9040261507034302,-0.3016493320465088,0.2841969430446625,0.05999999865889549,0.03999999910593033,0.10000000149011612
0.0,6.0,16.0,78.0,7000.7412109375,-30.384906768798828,1.8533549308776855,-7.611442565917969,148.9109649658203,-19.00570297241211,-0.0014168706256896257,0.009948485530912876,-0.0006088275113143027,0.10405533760786057,0.9040688276290894,-0.3010568916797638,0.28495052456855774,0.05999999865889549,0.03999999910593033,0.10000000149011612
0.0,6.0,16.0,80.0,7000.62255859375,-27.85404396057129,1.556541085243225,-6.979548931121826,148.874267578125,-17.459636688232422,-0.001298955176025629,0.009956741705536842,-0.0005579499993473291,0.10333982110023499,0.9041107296943665,-0.30046290159225464,0.2857038378715515,0.05999999865889549,0.03999999910593033,0.10000000149011612
0.0,6.0,16.0,82.0,7000.51416015625,-25.320289611816406,1.2855393886566162,-6.376378059387207,149.0443572998047,-15.941274642944336,-0.0011808557901531458,0.009964278899133205,-0.0005070580518804491,0.10262569040060043,0.9041515588760376,-0.2998683452606201,0.28645575046539307,0.05999999865889549,0.03999999910593033,0.10000000149011612
0.0,6.0,16.0,83.0,7000.416015625,-22.78010368347168,1.0400296449661255,-5.773207187652588,149.4226837158203,-14.44174861907959,-0.001062589231878519,0.00997109618037939,-0.00045607666834257543,0.10190919786691666,0.9041918516159058,-0.29927223920822144,0.28720659017562866,0.05999999865889549,0.03999999910593033,0.10000000149011612
0.0,6.0,16.0,85.0,7000.328125,-20.241348266601562,0.8207716345787048,-5.170036315917969,149.3385467529297,-12.897528648376465,-0.0009444758179597557,0.009977193549275398,-0.00040515963337384164,0.10119267553091049,0.9042310118675232,-0.2986750304698944,0.2879575192928314,0.05999999865889549,0.03999999910593033,0.10000000149011612
0.0,6.0,16.0,87.0,7000.2509765625,-17.696683883666992,0.6271318197250366,-4.538143157958984,149.68612670898438,-11.390576362609863,-0.0008259251480922103,0.009982569143176079,-0.00035415583988651633,0.10047750920057297,0.9042690396308899,-0.2980772852897644,0.28870701789855957,0.05999999865889549,0.03999999910593033,0.10000000149011612
0.0,6.0,16.0,89.0,7000.18408203125,-15.153984069824219,0.4597090780735016,-3.934972047805786,149.57057189941406,-9.848395347595215,-0.0007072575972415507,0.009987225756049156,-0.0003032190725207329,0.09975998103618622,0.9043065905570984,-0.29747796058654785,0.2894554138183594,0.05999999865889549,0.03999999910593033,0.10000000149011612
0.0,6.0,16.0,90.0,7000.12744140625,-12.60970687866211,0.31821197271347046,-3.331801176071167,149.66334533691406,-8.323358535766602,-0.0005884897545911372,0.009991158731281757,-0.0002522744471207261,0.09904413670301437,0.9043427109718323,-0.29687806963920593,0.290203332901001,0.05999999865889549,0.03999999910593033,0.10000000149011612
0.0,6.0,16.0,92.0,7000.0810546875,-10.060311317443848,0.20250174403190613,-2.728630304336548,149.9644317626953,-6.806483268737793,-0.0004696386167779565,0.009994370862841606,-0.00020124697766732424,0.09832622110843658,0.9043781161308289,-0.2962765395641327,0.2909509837627411,0.05999999865889549,0.03999999910593033,0.10000000149011612
0.0,6.0,16.0,94.0,7000.04541015625,-7.513678550720215,0.11293624341487885,-2.0967369079589844,149.80191040039062,-5.268558502197266,-0.0003507209476083517,0.009996861219406128,-0.00015029055066406727,0.09760808944702148,0.9044123888015747,-0.2956744134426117,0.2916976809501648,0.05999999865889549,0.03999999910593033,0.10000000149011612
0.0,6.0,16.0,95.0,7000.01953125,-4.962452411651611,0.049256715923547745,-1.52228844165802,150.07211303710938,-3.745854377746582,-0.00023175356909632683,0.009998629800975323,-9.925392805598676e-05,0.09689094126224518,0.904446005821228,-0.29507139325141907,0.29244229197502136,0.05999999865889549,0.03999999910593033,0.10000000149011612
0.0,6.0,16.0,97.0,7000.0048828125,-2.414522647857666,0.011660111136734486,-0.8616726994514465,149.87820434570312,-2.211564779281616,-0.00011275337601546198,0.009999675676226616,-4.829101453651674e-05,0.0961720198392868,0.9044786095619202,-0.29446670413017273,0.2931874394416809,0.05999999865889549,0.03999999910593033,0.10000000149011612
0.0,6.0,16.0,99.0,7000.0,0.13365750014781952,3.572865898604505e-05,-0.2872242331504822,149.89292907714844,-0.6837871670722961,6.262780971155735e-06,0.009999998845160007,2.673149992915569e-06,0.09545446932315826,0.9045100212097168,-0.2938614785671234,0.2939312160015106,0.05999999865889549,0.03999999910593033,0.10000000149011612
0.0,6.0,17.0,0.0,7000.005859375,2.685638427734375,0.014425721950829029,0.3446691036224365,150.11651611328125,0.8464701175689697,0.00012527804938144982,0.009999600239098072,5.3713538363808766e-05,0.09473460912704468,0.9045409560203552,-0.2932547330856323,0.294673889875412,0.05999999865889549,0.03999999910593033,0.10000000149011612
0.0,6.0,17.0,2.0,7000.02197265625,5.237339496612549,0.05486547201871872,0.9478399753570557,150.1000518798828,2.3788087368011475,0.0002442755794618279,0.009998476132750511,0.0001047525365720503,0.09401465952396393,0.9045706987380981,-0.2926459014415741,0.29541751742362976,0.05999999865889549,0.03999999910593033,0.10000000149011612
0.0,6.0,17.0,4.0,7000.04833984375,7.788495063781738,0.12135075032711029,1.5510108470916748,150.06796264648438,3.910898447036743,0.00036323853419162333,0.009996631182730198,0.00015578880265820771,0.09329439699649811,0.9045995473861694,-0.2920369505882263,0.2961593270301819,0.05999999865889549,0.03999999910593033,0.10000000149011612
0.0,6.0,17.0,6.0,7000.08544921875,10.335026741027832,0.21371690928936005,2.1829042434692383,149.7959747314453,5.433302879333496,0.00048214997514151037,0.009994065389037132,0.0002067447203444317,0.09257394820451736,0.9046272039413452,-0.2914273738861084,0.29690033197402954,0.05999999865889549,0.03999999910593033,0.10000000149011612
0.0,6.0,17.0,7.0,7000.1328125,12.884294509887695,0.3322308659553528,2.7860751152038574,149.9569091796875,6.971408843994141,0.0006009931676089764,0.00999077595770359,0.0002577715495135635,0.09185448288917542,0.9046542644500732,-0.2908169627189636,0.2976391017436981,0.05999999865889549,0.03999999910593033,0.10000000149011612
